REG_ANS,CNPJ,RAZAO_SOCIAL,NOME_FANTASIA,MODALIDADE,LOGRADOURO,NUMERO,COMPLEMENTO,BAIRRO,CIDADE,UF,CEP,DDD,TELEFONE,FAX,EMAIL,REPRESENTANTE,CARGO_REPRESENTANTE,REGIAO_DE_COMERCIALIZACAO,DATA_REGISTRO_ANS,DATA_DESCREDENCIAMENTO,MOTIVO_DO_DESCREDENCIAMENTO,DATA_PROCESSAMENTO
347477,1946395000182,UNIODONTO DE BOTUCATU COOPERATIVA ODONTOLOGICA,UNIODONTO BOTUCATU,Cooperativa Odontológica,RUA JOAO PASSOS,1310,,CENTRO,Botucatu,SP,18600040.0,,,,uniodontobotu@uol.com.br,MARCOS JOSÉ RIBEIRO DIAS,PRESIDENTE,5.0,,,,2025-10-20 17:16:59.558180
406121,3150035000103,UNIODONTO RESENDE - COOPERATIVA ODONTOLOGICA,UNIODONTO RESENDE COOPERATIVA ODONTOLOGICA,Cooperativa Odontológica,RUA ISAAC DAVID HALPERN,64,,COMERCIAL,Resende,RJ,27541140.0,,,33551752.0,uniodonto@uniodontoresende.com.br,ANA PAULA DA COSTA,PRESIDENTE,5.0,,,,2025-10-20 17:16:59.558180
400556,16325896000119,UNIODONTO DE FEIRA DE SANTANA - COOPERATIVA DE TRABALHO ODONTOLÓGICO DE FEIRA DE SANTANA RESP LIMITADA,UNIODONTO FEIRA DE SANTANA,Cooperativa Odontológica,RUA CASTRO ALVES,1511,"2º andar , sala 208 - Edifício Meritum C",CENTRO,Feira de Santana,BA,44001184.0,,,,uniodontofs@ig.com.br,CAMILA DOREA FERNANDES SILVA,DIRETORA PRESIDENTE,6.0,,,,2025-10-20 17:16:59.558180
414891,1141489000184,UNIODONTO - COOPERATIVA ODONTOLOGICA DE CARUARU E REGIÃO AGRESTE DO ESTADO DE PERNAMBUCO,UNIODONTO CARUARU,Cooperativa Odontológica,RUA RÁDIO CLUBE DE PERNAMBUCO,88,,MAURÍCIO DE NASSAU,Caruaru,PE,55012530.0,,,,uniodontocaruaru@hotmail.com,RÔNIO DE MEDEIROS GALINDO,PRESIDENTE,5.0,,,,2025-10-20 17:16:59.558180
315818,82621210000161,UNIODONTO PONTA GROSSA COOPERATIVA ODONTOLÓGICA,UNIODONTO PONTA GROSSA,Cooperativa Odontológica,RUA BARÃO DO CERRO AZUL,618,,CENTRO,Ponta Grossa,PR,84010210.0,,,,uniodontopg@uol.com.br,RUBENS PUPO BANDEIRA,DIRETOR PRESIDENTE,5.0,,,,2025-10-20 17:16:59.558180
354821,1475150000114,UNIODONTO DE MARÍLIA COOPERATIVA ODONTOLÓGICA,UNIODONTO DE MARILIA,Cooperativa Odontológica,RUA GUANÁS,66,,SEN. SALGADO FILHO,Marília,SP,17502560.0,1,434135665,434135665,uniodonto@terra.com.br,JULIANO OLIVEIRA SILVA,PRESIDENTE,5.0,,,Alternat. à Liquidação - Deliberação de Diretoria Colegiada,2025-10-20 17:16:59.558180
347795,59527440000144,UNIODONTO DE JUNDIAÍ COOPERATIVA ODONTOLÓGICA,UNIODONTO DE JUNDIAÍ,Cooperativa Odontológica,RUA PETRONILHA ANTUNES,211,,CENTRO,Jundiaí,SP,13201080.0,1.0,148059999.0,148059999.0,gerencia@uniodontojundiai.com.br,JOSE CLOVIS TOMAZZONI DE OLIVEIRA,PRESIDENTE,5.0,,,,2025-10-20 17:16:59.558180
373109,826676000139,UNIODONTO DE SERTAOZINHO SP COOPERATIVA ODONTOLOGICA,UNIODONTO DE SERTAOZINHO,Cooperativa Odontológica,RUA CARLOS GOMES,684,,CENTRO,Sertãozinho,SP,14160020.0,1.0,621056700.0,,uniodonto@uniodontosertaozinho.com.br,APARECIDO SILVIO DE SOUZA,REPRESENTANTE,5.0,,,,2025-10-20 17:16:59.558180
306193,2478779000180,UNIODONTO DE BRAGANÇA PAULISTA COOP DE TRABALHO ODONTOLÓGICO,UNIODONTO BRAGANÇA PAULISTA,Cooperativa Odontológica,RUA DR. CANDIDO RODRIGUES,85,SALA 04,CENTRO,Bragança Paulista,SP,12900360.0,11,40335703,40335703,uniodontob@uol.com.br,ADRIANO FRANCO DE OLIVEIRA,PRESIDENTE,5.0,,,Pedido de cancelamento,2025-10-20 17:16:59.558180
341193,2482449000169,UNIODONTO DE SÃO ROQUE - COOPERATIVA ODONTOLÓGICA,UNIODONTO SÃO ROQUE,Cooperativa Odontológica,RUA RUI BARBOSA,89,CASA,CENTRO,São Roque,SP,18130040.0,11,47842664,47842770,uniodontosr@uol.com.br,WLAMIR ANTONIO BACAR,PRESIDENTE,5.0,,,Pedido de cancelamento,2025-10-20 17:16:59.558180
310042,51701878000195,UNIODONTO DE SÃO PAULO COOPERATIVA ODONTOLÓGICA,UNIODONTO DE SÃO PAULO,Cooperativa Odontológica,RUA MACHADO BITTENCOURT,430,,VILA CLEMENTINO,São Paulo,SP,4044001.0,11,35954026,35954010,admgeral@uniodonto-sp.com.br,MAUD NOGUEIRA FRAGOAS,PRESIDENTE,4.0,,,Pedido de cancelamento,2025-10-20 17:16:59.558180
316695,53864922000103,UNIODONTO DO ABC COOPERATIVA ODONTOLÓGICA,UNIODONTO DO ABC,Cooperativa Odontológica,OSWALDO CRUZ,995,,OSWALDO CRUZ,São Caetano do Sul,SP,9540280.0,11,44381699,44381699,uniodonto@uniodontoabc.com.br,REGINA CELIA VASCONCELOS GABRIEL FERNANDEZ,PRESIDENTE,5.0,,,Pedido de cancelamento,2025-10-20 17:16:59.558180
361593,96396395000162,UNIODONTO PAULISTA-FEDERAÇÃO DAS COOPERATIVAS ODONTOLÓGICAS DO ESTADO DE SÃO PAULO,UNIODONTO PAULISTA,Cooperativa Odontológica,Rua Silvia,110,10º andar - Edifício Santa Lúcia,Bela Vista,São Paulo,SP,1331010.0,11.0,31253040.0,31593181.0,ans@uniodontopaulista.com.br,LUIZ EDUARDO ZACCHARIAS,PRESIDENTE,5.0,,,,2025-10-20 17:16:59.558180
314315,44595858000111,UNIODONTO DO BRASIL CENTRAL NACIONAL DAS COOPERATIVAS ODONTÓLOGICAS,UNIODONTO DO BRASIL,Cooperativa Odontológica,RUA CORREIA DIAS,185,,PARAÍSO,São Paulo,SP,4104000.0,11.0,59044400.0,,regulacao@uniodonto.coop.br,JOSÉ ALVES DE SOUZA NETO,DIRETOR PRESIDENTE,4.0,,,,2025-10-20 17:16:59.558180
319350,2030488000125,UNIODONTO TAUBATÉ COOPERATIVA DE TRABALHO ODONTOLOGICO,UNIODONTO TAUBATE,Cooperativa Odontológica,RUA DR. SOUZA ALVES,728,,CENTRO,Taubaté,SP,12020030.0,12.0,34110522.0,36292511.0,uniodonto@uniodontotaubate.com.br,ALEXANDRE CURSINO DE MOURA SANTOS,DIRETOR PRESIDENTE,5.0,,,,2025-10-20 17:16:59.558180
313751,73162760000179,UNIODONTO DE SÃO JOSÉ DOS CAMPOS COOPERATIVA DE TRABALHO ODONTOLÓGICO,UNIODONTO SÃO JOSÉ DOS CAMPOS,Cooperativa Odontológica,PRAÇA PRESIDENTE KENNEDY,24,,CENTRO,São José dos Campos,SP,12245730.0,12.0,32026000.0,39422946.0,uniodontosjc@uniodontosjc.com.br,SERGIO BRITO,PRESIDENTE,5.0,,,,2025-10-20 17:16:59.558180
347302,22130000125,UNIODONTO DE CACAPAVA COOPERATIVA ODONTOLOGICA,UNIODONTO,Cooperativa Odontológica,RUA CEL JOÃO  DIAS GUIMARÃES,20,,CENTRO,Caçapava,SP,12281350.0,12.0,36525619.0,36525373.0,uniodontocacapava@gmail.com,MARIA ANGELICA GIOVANELLI,SUPERINTENDENTE,5.0,,,,2025-10-20 17:16:59.558180
343056,531736000196,UNIODONTO JACAREÍ COOPERATIVA ODONTOLÓGICA,UNIODONTO DE JACAREÍ,Cooperativa Odontológica,AVENIDA MAJOR ACÁCIO FERREIRA,670,,JD. LEONÍDIA,Jacareí,SP,12327070.0,12.0,39528859.0,39528859.0,uniodonto@uniodontojac.com.br,GLÓRIA DE FÁTIMA CHAVES,PRESIDENTE,5.0,,,,2025-10-20 17:16:59.558180
331104,2064028000118,UNIODONTO DE PINDAMONHANGABA COOP ODONTOLOGICA,UNIODONTO PINDAMONHANGABA,Cooperativa Odontológica,PRAÇA PADRE JOÃO FARIA FIALHO,51,,CENTRO,Pindamonhangaba,SP,12400190.0,12.0,36446000.0,,uniodontopinda@uniodontopinda.com.br,ACÍLIA APARECIDA CÉSAR LOURENÇO,PRESIDENTE,5.0,,,,2025-10-20 17:16:59.558180
382655,2149799000108,UNIODONTO VALE HISTORICO COOPERATIVA ODONTOLOGICA,UNIODONTO VALE HISTORICO COOPERATIVA ODONTOLOGICA,Cooperativa Odontológica,PRAÇA DOUTOR GAMA RODRIGUES,365,,CRUZ,Lorena,SP,12606080.0,12.0,31532900.0,31532746.0,admwanda@uniodontovalehistorico.com.br,WANDA MARIA RICOTA DE MELLO,PRESIDENTE,5.0,,,,2025-10-20 17:16:59.558180
366552,45056744000166,UNIODONTO DE SANTOS - COOPERATIVA ODONTOLÓGICA,UNIODONTO DE SANTOS,Cooperativa Odontológica,RUA LUIZ DE CAMOES,58,CASA,VILA MATHIAS,Santos,SP,11015400.0,13,32321612,32321613,uniodonto@uniodontosantos.com.br,SILVANA CARDOSO REIS,PRESIDENTE,5.0,,,Pedido de cancelamento,2025-10-20 17:16:59.558180
309249,2479423000161,UNIODONTO DE PRAIA GRANDE - COOPERATIVA ODONTOLOGICA,UNIODONTO PRAIA GRANDE,Cooperativa Odontológica,RUA CAMPINAS,108,,BOQUEIRÃO,Praia Grande,SP,11701110.0,13,34736667,4736667,johnny@praiagrande.com.br,JOHNNY MARCOCHI,VICE PRESIDENTE,,,,Pedido de cancelamento,2025-10-20 17:16:59.558180
340961,53764726000167,UNIODONTO DE BAURU COOPERATIVA DE TRABALHO ODONTOLOGICA,UNIODONTO DE BAURU COOPERATIVA DE TRABALHO ODONTOLOGICA,Cooperativa Odontológica,RUA GUSTAVO MACIEL,11-11,,CENTRO,Bauru,SP,17015320.0,14,2347466,,uniobru@travelnet.com.br,ACYR SANTINHO MOTA,LIQUIDANTE,,,,Deliberação de Diretoria Colegiada,2025-10-20 17:16:59.558180
410411,3268407000192,UNIODONTO DE PEDERNEIRAS COOPERATIVA ODONTOLOGICA,UNIODONTO DE PEDERNEIRAS,Cooperativa Odontológica,AV TIRADENTES,138,SUL,CENTRO,Pederneiras,SP,17280000.0,14,2524356,2524356,uniodonto@bironet.com.br,JUAREZ PANDOLFI BUENO DE SOUZA,DIRETOR-PRESIDENTE,,,,Pedido de cancelamento,2025-10-20 17:16:59.558180
303089,735595000123,UNIODONTO DE TUPÃ COOPERATIVA ODONTOLÓLOGICA,UNIODONTO DE TUPÃ,Cooperativa Odontológica,RUA: GUARANIS,846,,CENTRO,Tupã,SP,17600400.0,14,4413133,4413133,tupa.uniodonto@terrra.com.br,TELMO FERREIRA ZAMPIERI DE OLIVEIRA,DELEGADO,5.0,,,Pedido de cancelamento,2025-10-20 17:16:59.558180
360686,2225482000103,UNIODONTO DE LENÇÓIS PAULISTA COOPERATIVA ODONTOLÓGICA,UNIODONTO DE LENÇÓIS PAULISTA,Cooperativa Odontológica,RUA CEL. JOAQUIM GABRIEL,637,,CENTRO,Lençóis Paulista,SP,18680090.0,14,32633133,32633133,uniodontolp@terra.com.br,RICARDO HUMBERTO ARTIOLI GRASSI,PRESIDENTE,6.0,,,Pedido de cancelamento,2025-10-20 17:16:59.558180
34894,2154373000142,UNIODONTO DE OURINHOS  - COOPERATIVA ODONTOLOGICA,,Cooperativa Odontológica,RUA PASCHOAL HENRIQUE,400,,BAIRRO DA CRIANÇA,Ourinhos,SP,19900000.0,14,3227301,3227301,,,,,,,Descumprimento da Circular SUSEP no. 77/1999,2025-10-20 17:16:59.558180
344681,847821000168,UNIODONTO DE LINS COOPERATIVA ODONTOLOGICA,UNIODONTO DE LINS COOPERATIVA ODONTOLÓGICA,Cooperativa Odontológica,RUA PEDRO DE TOLEDO,880,,CENTRO,Lins,SP,16400106.0,14.0,35235252.0,,gerencia@uniodontolins.com.br,ADRIANA MOYA MARTELLI,PRESIDENTE,5.0,,,,2025-10-20 17:16:59.558180
311669,14922000158,UNIODONTO DE AVARE COOPERATIVA ODONTOLÓGICA,UNIODONTO DE AVARE,Cooperativa Odontológica,RUA DISTRITO FEDERAL,1001,,CENTRO,Avaré,SP,18700160.0,14.0,37322303.0,,uniodontoavare@uol.com.br,WALDIR CÉSAR DE SOUZA,PRESIDENTE,5.0,,,,2025-10-20 17:16:59.558180
370746,67859660000101,UNIODONTO DE ITAPETININGA COOPERATIVA TRABALHO ODONTOLOGICO,UNIODONTO DE ITAPETININGA,Cooperativa Odontológica,RUA PEDRO MARQUES,531,,CENTRO,Itapetininga,SP,18200270.0,15,32726811,32713148,orgband@orgband.com.br,MARIA HELENA PIRES,PRESIDENTE,,,,Pedido de cancelamento,2025-10-20 17:16:59.558180
334243,58702853000155,UNIODONTO DE SOROCABA COOPERATIVA ODONTOLÓGICA,UNIODONTO SOROCABA,Cooperativa Odontológica,AV. BARÃO DE TATUI,628,,J. VERGUEIRO,Sorocaba,SP,18030000.0,15.0,32349424.0,32349424.0,uniodontosor@uniodontosorocaba.com.br,VALERIA REGINA ATHAYDE,PRESIDENTE,5.0,,,,2025-10-20 17:16:59.558180
365718,45295086000165,UNIODONTO DE RIBEIRÃO PRETO COOPERATIVA DE TRABALHO ODONTOLO,UNIODONTO DE RIBEIRÃO PRETO,Cooperativa Odontológica,AV 9 DE JULHO,1405,,JD AMERICA,Ribeirão Preto,SP,14015170.0,16,6352551,6352551,uniodontorp@netsite.com.br,EDUARDO AFFONSO DOS REIS,PRESIDENTE,1.0,,,Pedido de cancelamento,2025-10-20 17:16:59.558180
333395,1213182000141,UNIODONTO DE FRANCA - COOPERATIVA ODONTOLOGICA,UNIODONTO DE FRANCA,Cooperativa Odontológica,RUA IPÊ,1658,,VILA FLORES,Franca,SP,14400420.0,16,37214443,37214443,uniodonto.franca@uol.com.br,JOÃO CARLOS DE CASTRO,PRESIDENTE,6.0,,,Pedido de cancelamento,2025-10-20 17:16:59.558180
335525,54912241000136,UNIODONTO SÃO CARLOS -  COOPERATIVA ODONTOLÓGICA,UNIODONTO SÃO CARLOS,Cooperativa Odontológica,RUA 15 DE NOVEMBRO,2597,,CENTRO,São Carlos,SP,13560241.0,16.0,33626062.0,,uniodontosaocarlos@terra.com.br,NIVEA CELIA BONADIO COELHO,PRESIDENTE,5.0,,,,2025-10-20 17:16:59.558180
316997,65442162000125,UNIODONTO DE ARARAQUARA COOPERATIVA ODONTOLÓGICA,UNIODONTO DE ARARAQUARA,Cooperativa Odontológica,RUA VOLUNTARIOS DA PATRIA,1947,,CENTRO,Araraquara,SP,14801320.0,16.0,33321700.0,33037131.0,araraquara@uniodontoararaquara.com.br,GUSTAVO LORIA LEONI,PRESIDENTE,5.0,,,,2025-10-20 17:16:59.558180
340120,390564000188,UNIODONTO ATHENAS PAULISTA - COOPERATIVA ODONTOLÓGICA,UNIODONTO DE JABOTICABAL,Cooperativa Odontológica,RUA SANTO ANDRÉ,340,,NOVA JABOTICABAL,Jaboticabal,SP,14887030.0,16.0,32021601.0,32021601.0,joaoleonardo@uniodontoathenas.coop.br,JOÃO LEONARDO DELLA LIBERA FILHO,VICE-PRESIDENTE DE ADMINISTRAÇÃO E FINAN,5.0,,,,2025-10-20 17:16:59.558180
350290,1902941000183,UNIODONTO DE TAQUARITINGA COOPERATIVA ODONTOLÓGICA,UNIODONTO DE TAQUARITINGA COOPERATIVA ODONTOLÓGICA,Cooperativa Odontológica,RUA GENERAL OSÓRIO,1309,,CENTRO,Taquaritinga,SP,15900000.0,16.0,97334972.0,,rosana@uniodontotaquaritinga.com.br,ODILON GUEDES BARRETO JUNIOR,DIRETOR PRESIDENTE,5.0,,,,2025-10-20 17:16:59.558180
336238,1592738000158,UNIODONTO DE MONTE ALTO COOPERATIVA ODONTOLOGICA,UNIODONTO DE MONTE ALTO,Cooperativa Odontológica,RUA GUSTAVO DE GODOY,597,,CENTRO,Monte Alto,SP,15910000.0,16.0,32425776.0,32432772.0,uniodontoma@uol.com.br,ADRIEN CÉSAR GATO,PRESIDENTE,6.0,,,,2025-10-20 17:16:59.558180
307696,2320499000140,UNIODONTO DE BARRETOS - COOPERATIVA ODONTOLÓGICA,UNIDONTO DE BARRETOS,Cooperativa Odontológica,RUA 18,71,,CENTRO,Barretos,SP,14780680.0,17,33234100,33234100,uniodontobarretos@investnet.com.br,INAMA DE MELLO FILHO,PRESIDENTE,6.0,,,Deliberação de Diretoria Colegiada,2025-10-20 17:16:59.558180
362875,2410865000151,UNIODONTO DE OLIMPIA-COOPERATIVA ODONTOLOGICA,UNIODONTO,Cooperativa Odontológica,RUA AMÉRICO BRASILIENSE,958,,CENTRO,Olímpia,SP,15400000.0,17,2818698,2818157,uniodonto@ollimpianet.com.br,DÉCIO TROSDORF FILHO,PRESIDENTE,,,,Pedido de cancelamento,2025-10-20 17:16:59.558180
327093,66095423000140,UNIODONTO BEBEDOURO - COOPERATIVA ODONTOLÓGICA,UNIODONTO,Cooperativa Odontológica,RUA VICENTE PASCHOAL,1261,,CENTRO,Bebedouro,SP,14700340.0,17.0,33440700.0,33440700.0,adm@uniodontobebedouro.coop.br,JOÃO PAULO TOLLER,PRESIDENTE,5.0,,,,2025-10-20 17:16:59.558180
303259,53206108000100,UNIODONTO SÃO JOSÉ DO RIO PRETO - COOPERATIVA ODONTOLÓGICA,UNIODONTO,Cooperativa Odontológica,RUA INDEPENDENCIA,2651,,CENTRO,São José do Rio Preto,SP,15010110.0,17.0,32118400.0,,uniodorp@uniodontoriopreto.com.br,JOSÉ CARLOS AFONSO CUGINOTTI,PRESIDENTE,5.0,,,,2025-10-20 17:16:59.558180
350630,1422924000149,UNIODONTO DE VOTUPORANGA COOPERATIVA ODONTOLOGICA,UNIODONTO DE VOTUPORANGA COOPERATIVA ODONTOLOGICA,Cooperativa Odontológica,RUA FREI DAMIÃO,2856,,SANTA ELISA,Votuporanga,SP,15505187.0,17.0,34213395.0,34213395.0,uniodonto@votuporanga.com.br,JOSE LUIZ PEREIRA,PRESIDENTE,5.0,,,,2025-10-20 17:16:59.558180
301647,2015569000156,UNIODONTO DE FERNANDOPOLIS COOPERATIVA ODONTOLOGICA,,Cooperativa Odontológica,AV DOS ARNALDOS,830,TERREO,CENTRO,Fernandópolis,SP,15600000.0,17.0,91663484.0,34626000.0,uniodontofer@terra.com.br,EDUARDO HAMILTON D¿AVILA,PRESIDENTE,5.0,,,,2025-10-20 17:16:59.558180
309257,2085247000183,UNIODONTO DE JALES - COOPERATIVA ODONTOLÓGICA,,Cooperativa Odontológica,RUA SETE,2444,,CENTRO,Jales,SP,15700000.0,17.0,36322293.0,36322293.0,uniodontojales@terra.com.br,FLAVIA MARTIM,VOGAL,5.0,,,,2025-10-20 17:16:59.558180
354686,855599000145,UNIODONTO DE CATANDUVA COOPERATIVA ODONTOLÓGICA,UNIODONTO DE CATANDUVA,Cooperativa Odontológica,PRAÇA 9 DE JULHO,141,,CENTRO,Catanduva,SP,15800225.0,17.0,35232516.0,35232516.0,uniodonto@uniodontocatanduva.com.br,JOSÉ EDUARDO HADDAD,PRESIDENTE,5.0,,,,2025-10-20 17:16:59.558180
402516,3005846000102,UNIODONTO DE CAMPOS - COOPERATIVA ODONTOLOGICA,UNIODONTO DE CAMPOS COOPERATIVA ODONTOLOGICA,Cooperativa Odontológica,RUA SALDANHA MARINHO,416,LOJA 218,CENTRO,Campos dos Goytacazes,RJ,28010270.0,17.0,33435086.0,27334321.0,gerencia@uniodontocampos.com.br,MARCOS LINCOLN DE SOUZA MUNIZ JUNIOR,PRESIDENTE,5.0,,,,2025-10-20 17:16:59.558180
336581,1990598000176,UNIODONTO DE PENAPOLIS,UNIODONTO DE PENAPOLIS COOPERATIVA ODONTOLOGICA,Cooperativa Odontológica,AV.OLSEN,692,,CENTRO,Penápolis,SP,16300000.0,18,6525408,6525408,consultoria@elciomarques.br,FRANCISCO ALBERTO AZANHA FALLEIROS,PRESIDENTE,6.0,,,Pedido de cancelamento,2025-10-20 17:16:59.558180
364878,2213082000188,UNIODONTO DE ASSIS COOPERATIVA ODONTOLOGICA,UNIODONTO DE ASSIS,Cooperativa Odontológica,RUA SEBASTIAO DA SULVA LEITE,1044,,CENTRO,Assis,SP,19800000.0,18,3225875,3225875,,DR.  EDUARDO DE CAMARGO NETO,ADMINISTRADOR,,,,Pedido de cancelamento,2025-10-20 17:16:59.558180
362824,1856688000179,UNIODONTO DE ARAÇATUBA COOPERATIVA ODONTOLOGICA,UNIODONTO ARACATUBA,Cooperativa Odontológica,RUA GENERAL OSÓRIO,310,,CENTRO,Araçatuba,SP,16010290.0,18.0,31175271.0,31175273.0,uniodontoaracatuba@terra.com.br,PAULO CEZAR BATAGELO,PRESIDENTE,5.0,,,,2025-10-20 17:16:59.558180
336017,172586000171,UNIODONTO DE PRESIDENTE PRUDENTE COOPERATIVA ODONTOLOGICA,UNIODONTO DE PRESIDENTE PRUDENTE COOPERATIVA ODONTOLÓGICA,Cooperativa Odontológica,AVENIDA CORONEL JOSÉ SOARES MARCONDES,454,,VILA MACHADINHO,Presidente Prudente,SP,19020120.0,18.0,39017764.0,39017765.0,uniodonto@uniodontoprudente.com.br,EDUARDO MITSUO OTIAI,DIRETOR PRESIDENTE,5.0,,,,2025-10-20 17:16:59.558180
392677,461585000147,UNIODONTO DE ARARAS COOPERATIVA ODONTOLOGICA,,Cooperativa Odontológica,RUA JULIO MESQUITA,513,SALA 13,CENTRO,Araras,SP,13600000.0,19,5415713,5415713,hsf@linkway.com.br,HUGO SIGNORETTI FILHO,X,,,,Pedido de cancelamento,2025-10-20 17:16:59.558180
340570,64567407000188,UNIODONTO DE M. GUAÇU COOP. TRAB. ODONTOL.,UNIODONTO,Cooperativa Odontológica,PÇA. PADRE ARMANI,73,,CENTRO,Mogi Guaçu,SP,13840000.0,19,8611445,8912109,luma@ft.com.br,,,,,,Pedido de cancelamento,2025-10-20 17:16:59.558180
410331,3345621000103,UNIODONTO LESTE PAULISTA COOP. ODONTOLOGICA,UNIODONTO LESTE PAULISTA,Cooperativa Odontológica,RUA SÃO JOÃO,413,SALA 09 - 2ª ANDAR,CENTRO,São João da Boa Vista,SP,13870222.0,19,36231562,,unilestepaulista@bol.com.br,REGINA HELENA MILAN LISE NOGUEIRA,PRESIDENTE,6.0,,,Deliberação de Diretoria Colegiada,2025-10-20 17:16:59.558180
350494,51304798000104,UNIODONTO DE CAMPINAS COOPERATIVA ODONTOLÓGICA,UNIODONTO DE CAMPINAS,Cooperativa Odontológica,AV BRASIL,200,,VILA ITAPURA,Campinas,SP,13023075.0,19.0,33224000.0,33224006.0,jsilva@uniodontocampinas.com.br,VLADIMIR BORIN PACHECO JUNIOR,PRESIDENTE,5.0,,,,2025-10-20 17:16:59.558180
346004,52204526000197,UNIODONTO PIRACICABA - COOPERATIVA ODONTOLÓGICA,UNIODONTO DE PIRACICABA,Cooperativa Odontológica,RUA ALFARES JOSÉ CAETANO,1352,,CENTRO,Piracicaba,SP,13400123.0,19.0,34011770.0,34011770234.0,atendimento@uniodontopiracicaba.com.br,CLAUDIO ROBERTO ZAMBELLO,DIRETOR PRESIDENTE,5.0,,,,2025-10-20 17:16:59.558180
347604,69015113000167,UNIODONTO DE AMERICANA COOPERATIVA ODONTOLÓGICA,UNIODONTO DE AMERICANA COOPERATIVA ODONTOLÓGICA,Cooperativa Odontológica,RUA PADRE ANCHIETA,105,VILA PAVAN,CENTRO,Americana,SP,13465000.0,19.0,34616728.0,34611430.0,uniodontoamer@uol.com.br,SILNEY MARCOS BERALDO,PRESIDENTE,5.0,,,,2025-10-20 17:16:59.558180
369462,63062350000100,UNIODONTO DE LIMEIRA COOPERATIVA ODONTOLÓGICA,UNIODONTO DE LIMEIRA,Cooperativa Odontológica,RUA TREZE DE MAIO,70,,JARDIM MERCEDES,Limeira,SP,13480171.0,19.0,34427899.0,34427899.0,gerencia@uniodontolimeira.com.br,JOSEMARY APARECIDA PAERÓ DE BARROS CAMARGO,DIRETORA DE OPERAÇÕES,5.0,,,,2025-10-20 17:16:59.558180
349011,96609292000133,UNIODONTO DE RIO CLARO COOPERATIVA ODONTOLOGICA,UNIODONTO DE RIO CLARO,Cooperativa Odontológica,RUA 2,918,AVS.3 E 5,CENTRO,Rio Claro,SP,13500150.0,19.0,35246475.0,35248738.0,uniodontorc@uniodontorc.com.br,ROSANGELA DA SILVEIRA FREITAS,PRESIDENTE,5.0,,,,2025-10-20 17:16:59.558180
378941,2260283000136,UNIODONTO PIRASSUNUNGA - COOPERATIVA ODONTOLÓGICA,UNIODONTO DE PIRASSUNUNGA,Cooperativa Odontológica,RUA JOAQUIM PROCÓPIO DE ARAÚJO,1470,,CENTRO,Pirassununga,SP,13630082.0,19.0,35611165.0,35611165.0,uniopirass@uniodontopirassununga.com.br,EDGAR SAGGIORATTO,PRESIDENTE,5.0,,,,2025-10-20 17:16:59.558180
378682,1221295000199,UNIODONTO DE SAO JOSE DO RIO PARDO - COOPERATIVA ODONTOLÓGICA,UNIODONTO SÃO JOSÉ DO RIO PARDO,Cooperativa Odontológica,AVENIDA INDEPENDÊNCIA,5,,CENTRO,São José do Rio Pardo,SP,13720000.0,19.0,36816729.0,36814229.0,financeiro@uniodontosjrpardo.com.br,ADRIANO CALSONE,PRESIDENTE,5.0,,,,2025-10-20 17:16:59.558180
318230,28958148000152,UNIODONTO DO RIO DE JANEIRO COOPERATIVA ODONTOLÓGICA LTDA,UNIODONTO-RJ,Cooperativa Odontológica,AV. PASSOS,120,5 - 10 - 11 -12 andares,CENTRO,Rio de Janeiro,RJ,20051040.0,21,21950200,21950200,uniodonto-rj@uol.com.br,WERTHER ANTONIO LIMA FIDALGO,PRESIDENTE,4.0,,,Pedido de cancelamento,2025-10-20 17:16:59.558180
348350,769168000166,UNIODONTO LESTE FLUMINENSE COOPERATIVA DE TRABALHO ODONTOLÓGICO LTDA.,UNIODONTO LESTE FLUMINENSE,Cooperativa Odontológica,RUA DA CONCEICAO,188,GRUPO 2102 AB,CENTRO,Niterói,RJ,24020083.0,21,21963366,21963366,gerencia@uniodonto-lf.com.br,LUIZ ANTONIO DE ALMEIDA E SILVA,PRESIDENTE,5.0,,,Deliberação de Diretoria Colegiada,2025-10-20 17:16:59.558180
408565,3225705000103,UNIODONTO TERESÓPOLIS - COOPERATIVA ODONTOLÓGICA,UNIODONTO TERESOPOLIS,Cooperativa Odontológica,RUA FRANCISCO SÁ,336,,VARZEA,Teresópolis,RJ,25953010.0,21,27423411,26431332,uniodontotere@yahoo.com.br,MARCIA HADDAD BARROS DE MENDONÇA,PRESIDENTE,6.0,,,Pedido de cancelamento,2025-10-20 17:16:59.558180
411701,3295630000129,UNIODONTO DE NOVA IGUAÇU COOPERATIVA ODONTOLÓGICA,,Cooperativa Odontológica,RUA ATHAYDE PIMENTA DE MORAES,395,,CENTRO,Nova Iguaçu,RJ,26210190.0,21,26684004,26684827,uniodontoni@uniodontoni.com.br,STENIO DA SILVA FIGUEIREDO,PRESIDENTE,5.0,,,Alternat. à Liquidação - Deliberação de Diretoria Colegiada,2025-10-20 17:16:59.558180
382337,1066312000160,UNIODONTO METROPOLITANA COOPERATIVA ODONTOLÓGICA.,UNIODONTO DUQUE DE CAXIAS,Cooperativa Odontológica,AVENIDA PRESIDENTE VARGAS,263,GRUPO 102,CENTRO,Duque de Caxias,RJ,25070330.0,21.0,26718785.0,,presidencia@uniodonto-metropolitana.com.br,FLÁVIO ARAÚJO DE ASSIS,DIRETOR-PRESIDENTE,5.0,,,,2025-10-20 17:16:59.558180
300195,72515208000154,UNIODONTO MACAÉ - COOPERATIVA ODONTOLÓGICA,UNIODONTO MACAE,Cooperativa Odontológica,RUA MARECHAL DEODORO,411,,CENTRO,Macaé,RJ,27910310.0,22,27629645,2227593737,gerencia@uniodontomacae.com.br,MARCOS STHEL ANTUNES,DIRETOR PRESIDENTE,5.0,,,Pedido de cancelamento,2025-10-20 17:16:59.558180
317772,86756368000108,UNIODONTO ITAPERUNA/RJ COOPERATIVA DE TRABALHO ODONTOLOGICO,UNIODONTO ITAPERUNA/RJ COOP TRAB ODONTOLOGICO,Cooperativa Odontológica,RUA CEL. LUIZ FERRAZ,34,,CENTRO,Itaperuna,RJ,28300000.0,22,38241497,38241497,uniodontoita@uol.com.br,MARCOS STHEL ANTUNES,REPRESENTANTE,5.0,,,Pedido de cancelamento,2025-10-20 17:16:59.558180
310841,1008494000113,UNIODONTO PADUA COOPERATIVA DE TRABALHO ODONTOLOGICO LTDA.,UNIODONTO PÁDUA,Cooperativa Odontológica,RUA DOS LEITES,61,LOJA A,CENTRO,Santo Antônio de Pádua,RJ,28470000.0,22,38532323,38532323,copal@paduaonline.com.br,SAMIR JOSÉ SAD SIMÃO,DIRETOR PRESIDENTE,,,,Pedido de cancelamento,2025-10-20 17:16:59.558180
345822,1741659000161,UNIODONTO NOVA FRIBURGO-COOP. TRAB. ODONTOLOGICOS LTDA,UNIODONTO NOVA FRIBURGO,Cooperativa Odontológica,RUA DR. ERNESTO BRASÍLIO,14,LOJA 01 1°,CENTRO,Nova Friburgo,RJ,28610120.0,22,25238997,26132571,uniodonf@frionline.com.br,MARIO ROBERTO DE SOUZA LOPES,DIRETOR PRESIDENTE,6.0,,,Pedido de cancelamento,2025-10-20 17:16:59.558180
334774,36520377000119,UNIODONTO PETRÓPOLIS - COOP.TRAB.ODONTOLÓGICOS LTDA,UNIODONTO PETROPOLIS-COOP.TRAB.ODONTOLÓGICOS LTDA,Cooperativa Odontológica,RUA IRMÃO D'ANGELO,48,SALA 306,CENTRO,Petrópolis,RJ,25685330.0,24,22435553,22435553,uni@uniodontopetropolis.com.br,RICARDO JOSE DA SILVA SEABRA,PRESIDENTE,6.0,,,Pedido de cancelamento,2025-10-20 17:16:59.558180
363171,72261803000100,UNIODONTO SUL FLUMINENSE COOP DE TRAB ODONTOLOGICO LTDA,UNIDONTO SUL FLUMINENSE,Cooperativa Odontológica,RUA PROFESSORA CLÉLIA,12,,VILA SANTA CECILIA,Volta Redonda,RJ,27260500.0,24,21073350,33486184,uniodontosulfluminense@uniodontosf.com.br,KÊNIA APARECIDA DA SILVA ACCIARITO,REPRESENTANTE,5.0,,,Alternat. à Liquidação - Deliberação de Diretoria Colegiada,2025-10-20 17:16:59.558180
411884,3795041000100,UNIODONTO MARQUÊS DE VALENÇA - COOPERATIVA ODONTOLÓGICA,UNIODONTO MARQUÊS DE VALENÇA,Cooperativa Odontológica,RUA ARAUJO LEITE,48,,CENTRO,Valença,RJ,27600000.0,24,24531427,24532977,uniodontoval@stargateway.com.br,RONILDO DIAS DE OLIVEIRA,LIQUIDANTE,6.0,,,Pedido de cancelamento,2025-10-20 17:16:59.558180
406287,2875271000116,UNIODONTO CAMPOS- COOPERATIVA DE TRABALHO ODONTOLÓGICO.,UNIODONTO-CAMPOS,Cooperativa Odontológica,RUA CONSELHEIRO OTAVIANO,84,SALA 604 B,CENTRO,Campos dos Goytacazes,RJ,28010140.0,24,99843336,7236947,unicampos@censa.com.br,DR. GILSON DE QUEIROZ VIERIA JUNIR,,,,,Ausência de operação - Deliberação de Diretoria Colegiada,2025-10-20 17:16:59.558180
359726,2418863000109,UNIODONTO DE TRÊS RIOS - COOPERATIVA DE TRABALHO ODONTOLÓGICA,UNIODONTO TRÊS RIOS,Cooperativa Odontológica,TRAVESSA AUGUSTO DE ALMEIDA,44,SALA 315 E 316,CENTRO,Três Rios,RJ,25804130.0,24.0,22553338.0,22553338.0,uniodontotresrios@yahoo.com.br,MARISOL GUIMARÃES MACHADO PEREIRA,PRESIDENTE,5.0,,,,2025-10-20 17:16:59.558180
308277,28423044000143,UNIODONTO VITÓRIA - COOPERATIVA DE TRABALHO ODONTOLOGICO,UNIODONTO VITÓRIA,Cooperativa Odontológica,RUA ALBERTO DE OLIVEIRA SANTOS,42,SALAS 1912 A 1915,CENTRO,Vitória,ES,29010901.0,27,32234599,32234599,presidencia@uniodontovitoria.coop.br,FLÁVIA LEMOS ENCARNAÇÃO,PRESIDENTE,5.0,,,Pedido de cancelamento,2025-10-20 17:16:59.558180
412601,3397228000155,UNIODONTO PIRAQUEAÇU - COOPERATIVA ODONTOLÓGICA PIRAQUEAÇU,UNIODONTO PIRAQUEAÇU,Cooperativa Odontológica,Rua José Alves da Costa,56,,CENTRO,Aracruz,ES,29190000.0,27,32563334,32563334,,ALBERTO LUIZ STELZER,DIRETOR-PRESIDENTE,5.0,,,Pedido de cancelamento,2025-10-20 17:16:59.558180
408948,1589948000197,UNIODONTO COLATINA COOPERATIVA ODONTOLÓGICA,UNIDONTO VALE DO RIO DOCE,Cooperativa Odontológica,AVENIDA ANGELO GIUBERTI,117,SALA 302,CENTRO,Colatina,ES,29703060.0,27,37220909,37220909,uniocol@terra.com.br,MARLUCE DE VASCONCELOS TAVARES,DIRETOR PRESIDENTE,5.0,,,Pedido de cancelamento,2025-10-20 17:16:59.558180
370711,2580965000126,UNIODONTO ESPIRITO SANTO COOPERATIVA ODONTOLOGICA,UNIODONTO,Cooperativa Odontológica,RUA RESK SALIN CARONE,50,EDIF IBISA,GILBERTO MACHADO,Cachoeiro de Itapemirim,ES,29303310.0,28.0,35111500.0,35111500.0,gerencia@uniodontoes.coop.br,ADRIANO BASTOS BARBOSA,PRESIDENTE,3.0,,,,2025-10-20 17:16:59.558180
323632,1564858000141,UNIODONTO COOPERATIVA TRABALHO ODONTOLOGICO DE PARA DE MINAS,UNIODONTO PARA DE MINAS,Cooperativa Odontológica,RUA MAJOR FIDELIS,150,,CENTRO,Pará de Minas,MG,35660109.0,3,732321522,732321522,uniodonto@parademinas.com.br,HENRIQUE MARCOS FERREIRA,DIRETOR PRESIDENTE,5.0,,,Alternat. à Liquidação - Deliberação de Diretoria Colegiada,2025-10-20 17:16:59.558180
320935,21742853000179,UNIODONTO BH- COOPERATIVA DE TRABALHO ODONTOLOGICO LTDA,UNIODONTO-BH,Cooperativa Odontológica,AV. FRANCISCO SALES,1463,3º ANDAR,BAIRRO DOS FUNCIONÁRIOS,Belo Horizonte,MG,30150221.0,31,2416222,,uniodonto.bh@uniodontobh.org.br,JOSÉ DANIEL FERREIRA GOMES,,,,,Pedido de cancelamento,2025-10-20 17:16:59.558180
344583,1182248000183,FEDERAÇÃO DAS UNIODONTOS DO ESTADO DE MINAS GERAIS,UNIODONTO MG,Cooperativa Odontológica,AVENIDA FRANCISCO SALES,1463,4º ANDAR - SALA 401,SANTA EFIGÊNIA,Belo Horizonte,MG,30150221.0,31,32415521,,uniodontomg@uniodontomg.com.br,RICARDO MANOEL LOURENÇO,PRESIDENTE,4.0,,,Pedido de cancelamento,2025-10-20 17:16:59.558180
318710,1422960000102,UNIODONTO DE VESPASIANO PARQUE CIMENTEIRO COOPERATIVA DE TRABALH,UNIODONTO DE VESPASIANO  PARQUE CIMENTEIRO,Cooperativa Odontológica,RUA NOSSA SENHORA DE LOURDES,273,,CENTRO,Vespasiano,MG,33200000.0,31,6210166,6212042,edson@fiemg.com.br,SCYOMARA SALOMÃO CARVALHO ARAÚJO,,,,,Pedido de cancelamento,2025-10-20 17:16:59.558180
356085,2220089000127,UNIODONTO VALE DO AÇO COOPERATIVA ODONTOLOGICA,UNIODONTO VALE DO AÇO,Cooperativa Odontológica,AV. CASTELO BRANCO,610,SALA 303,HORTO,Ipatinga,MG,35160294.0,31,38231379,38231379,uniodontovaledoaco@hotmail.com,GERALDO MAJELA REZENDE,DIRETOR PRESIDENTE,5.0,,,Pedido de cancelamento,2025-10-20 17:16:59.558180
400262,1969947000178,UNIODONTO DE ITABIRA COOPERATIVA ODONTOLOGICA LTDA,,Cooperativa Odontológica,RUA SÃO JOSÉ,201,LOJA B,CENTRO,Itabira,MG,35900003.0,31,8313065,,,,,,,,Pedido de cancelamento,2025-10-20 17:16:59.558180
381357,1577427000110,UNIODONTO COOPERATIVA DE TRABALHOS ODONTOLÓGICOS LTDA,UNIODONTO COOP TRAB ODONTOLÓGICOS,Cooperativa Odontológica,RUA FERNÃO DIAS,271,SALA 207,CARNEIRINHOS,João Monlevade,MG,35930000.0,31,38515611,38515611,conexcel@robynet.com.br,JOSÉ CARLOS DE ABREU,PRESIDENTE,,,,Pedido de cancelamento,2025-10-20 17:16:59.558180
339440,1851408000130,COOPERATIVA DE TRABALHO ODONTOLOGICA LTDA,UNIODONTO VIÇOSA,Cooperativa Odontológica,RUA VEREADOR JOSE VALENTINO DA CRUZ,30,,CENTRO,Viçosa,MG,36570000.0,31,38912557,38919348,uniodonto@buynet.com.br,CERES HAELE ARNAUT,DIRETORA PRESIDENTE,6.0,,,Descumprimento da RN n.º 100/2005,2025-10-20 17:16:59.558180
324027,1478517000153,UNIODONTO DE BARBACENA-COOP.DE TRAB.ODONTOLOGICO LTDA,UNIODONTO DE BARBACENA,Cooperativa Odontológica,AV. BIAS FORTES,895,,CENTRO,Barbacena,MG,36200000.0,32,3317022,3317022,,MARIO WILSON BECHO CAMPOS,PRESIDENTE,,,,Pedido de cancelamento,2025-10-20 17:16:59.558180
352039,2077558000109,UNIODONTO DE SÃO JOÃO DEL REI MINAS GERAIS,UNIODONTO DE SÃO JOÃO DEL REI,Cooperativa Odontológica,Av. Tiradentes,469,sala 02,CENTRO,São João del Rei,MG,36307346.0,32,33718402,33718402,uniodonto@mgconecta.com.br,RAMIRO CAMPANHA BOTELHO,PRESIDENTE,,,,Pedido de cancelamento,2025-10-20 17:16:59.558180
319635,1631658000164,UNIODONTO UBA COOPERATIVA DE TRABALHO ODONTOLOGICO LTDA,UNIODONTO UBA,Cooperativa Odontológica,AVENIDA RAUL SOARES,36,LOJA 09,CENTRO,Ubá,MG,36500000.0,32,35314695,,cd.adriana@yahoo.com.br,ADRIANA NASCIMENTO VASCONCELLOS,LIQUIDANTE,6.0,,,Pedido de cancelamento,2025-10-20 17:16:59.558180
401919,2021621000187,UNIODONTO LEOPOLDINA - COOPERATIVA ODONTOLÓGICA,,Cooperativa Odontológica,RUA JOSÉ PERES,46,LOJA 01,CENTRO,Leopoldina,MG,36700000.0,32,34415754,34415754,uniodonto@leopoldina.com.br,MARCELO RESENDE VIEIRA,PRESIDENTE,5.0,,,Alternat. à Liquidação - Deliberação de Diretoria Colegiada,2025-10-20 17:16:59.558180
410284,3002578000175,COOPERATIVA  DE TRABALHO ODONTOLÓGICO  LTDA,UNIODONTO CATAGUASES,Cooperativa Odontológica,RUA DR SOBRAL,268,SALA 02,CENTRO,Cataguases,MG,36770044.0,32,34213615,34222089,uneodont@net.em.com.br,JOSE PAULO VIEIRA DE ALMEIDA,DIRETOR PRESIDENTE,6.0,,,Pedido de cancelamento,2025-10-20 17:16:59.558180
327441,1290793000193,UNIODONTO SUDESTE MINEIRO COOPERATIVA DE SAÚDE ODONTOLÓGICA LTDA,UNIODONTO SUDESTE MINEIRO,Cooperativa Odontológica,RUA OSCAR VIDAL,373,,CENTRO,Juiz de Fora,MG,36016290.0,32.0,32150706.0,32151561.0,uniodonto@uniodontojf.com.br,MAGALI DE FREITAS MACIEL,DIRETORA PRESIDENTE,5.0,,,,2025-10-20 17:16:59.558180
353515,1227823000117,UNIODONTO GOVERNADOR VALADARES COOP. TRAB. ODONTOLÓGICO LTDA,UNIODONTO GV,Cooperativa Odontológica,RUA BARBARA HELIODORA,399,SALA 111/112,CENTRO,Governador Valadares,MG,35010040.0,33,32717712,32174454,uniodonto@goval.com.br,BOGUMILA K. I. PERIM,DIRETORA PRESIDENTE,6.0,,,Descumprimento da RN n.º 100/2005,2025-10-20 17:16:59.558180
402460,68544527000110,UNIODONTO DE TEOFILO OTONI COOP. DE TRAB. ODONTOLOGICO LTDA,UNIODONTO DE TEOFILO OTONI,Cooperativa Odontológica,"RUA ANTONIO ALVES BENJAMIN, 49",,,CENTRO,Teófilo Otoni,MG,39800000.0,33,35226601,5226601,unicoope@uai.com.br,JOSÉ ANTÔNIO CARVALHO SOARES,DIRETOR FINANCEIRO,,,,Pedido de cancelamento,2025-10-20 17:16:59.558180
410721,3396905000110,UNIODONTO PONTAL DO TRIANGULO COOP. DE TRAB. ODONTOLOGICO,UNIODONTO PONTAL DO TRIANGULO,Cooperativa Odontológica,RUA FRUTAL,916,,CENTRO,Iturama,MG,38280000.0,34,34114345,344113492,uniodontopontal@enetec.com.br,ROGERIO ROBERTO BARBOSA RIBEIRO,PRESIDENTE,,,,Pedido de cancelamento,2025-10-20 17:16:59.558180
35845,68529007000139,FEDERAÇAO DA UNIODONTO DA REGIAO CENTRAL DO BRASIL,UNICENTRO,Cooperativa Odontológica,RUA CEL. SEVERIANO,960,,TABAJÁRAS,Uberlândia,MG,38400000.0,34,2361775,2368071,uniodont@triang.com.br,DR. FAUSTO LOURENÇO DA COSTA,,,,,Pedido de cancelamento,2025-10-20 17:16:59.558180
30998,64366099000122,UNIODONTO ARAGUARI COOPERATIVA DE TRABALHO ODONTOLOGICO LTDA,UNIODONTO ARAGUARI,Cooperativa Odontológica,R. QUINCA MARIANO,212,,CENTRO,Araguari,MG,38440000.0,34,2410860,2410860,,,,,,,Descumprimento da Circular SUSEP no. 77/1999,2025-10-20 17:16:59.558180
33411,65371759000126,UNIODONTO PATOS DE MINAS COOPERATIVA DE TRABALHO ODONTOLOGICO LT,UNIODONTO PATOS DE MINAS,Cooperativa Odontológica,R. AGENOR MACIEL,170,S/ 402 E 403,CENTRO,Patos de Minas,MG,38700000.0,34,8215879,8215879,,,,,,,Descumprimento da Circular SUSEP no. 77/1999,2025-10-20 17:16:59.558180
344907,71246482000102,UNIODONTO PATROCINIO COOPERATIVA DE TRABALHO ODONTOLOGICO LTDA.,UNIODONTO PATROCÍNIO,Cooperativa Odontológica,RUA CORONEL RABELO,1231,,,Patrocínio,MG,38740000.0,34,38316055,38316055,,OSCAR CARLOS DA SILVA,PRESIDENTE,,,,Pedido de cancelamento,2025-10-20 17:16:59.558180
370568,17333055000116,UNIODONTO UBERABA - COOPERATIVA DE ASSISTÊNCIA À SAÚDE ODONTOLÓGICA LTDA,UNIODONTO,Cooperativa Odontológica,RUA CORONEL MANOEL BORGES,618,,CENTRO,Uberaba,MG,38060340.0,34.0,33347700.0,,gerencia@uniodontouberaba.com.br,WASHINGTON TADEU NASCIMENTO,DIRETOR EXECUTIVO,5.0,,,,2025-10-20 17:16:59.558180
344451,26185199000163,UNIODONTO REGIONAL COOPERATIVA ODONTOLOGICA,UNIODONTO MINAS,Cooperativa Odontológica,AV JOÃO XXIII,697,,SANTA MARIA,Uberlândia,MG,38408056.0,34.0,32288118.0,,gerencia@uniodontouberlandia.com.br,RICARDO MANOEL LOURENÇO,PRESIDENTE,5.0,,,,2025-10-20 17:16:59.558180
33150,1568873000168,UNIODONTO SUL DE MINAS COOPERATIVA TRABALHO ODONTOLOGICO LTDA.,UNIODONTO SUL DE MINAS,Cooperativa Odontológica,R. SANTA CRUZ,385,,CENTRO,Varginha,MG,37002090.0,35,2228333,2228333,,,,,,,Descumprimento da Circular SUSEP no. 77/1999,2025-10-20 17:16:59.558180
358380,1792938000154,UNIODONTO TRES PONTAS - COOPERATIVA DE TRABALHO OTONDOLOGICO LTD,UNIODONTO TRES PONTAS,Cooperativa Odontológica,RUA AMERICO MIARI,22,SALAS 03 E 10,CENTRO,Três Pontas,MG,37190000.0,35,32651771,32651771,allinfo@net.em.com.br,SOLANGE XIMENES ABREU,PRESIDENTE,,,,Pedido de cancelamento,2025-10-20 17:16:59.558180
300292,1561038000104,UNIODONTO DE LAVRAS COOPERATIVA DE TRABALHO ODONTOLÓGICO,UNIODONTO LAVRAS,Cooperativa Odontológica,RUA COSTA PEREIRA,26,SALA 06,CENTRO,Lavras,MG,37200000.0,35,32222773,,f.campos@vga.matrix.com.br,PAULO HENRIQUE SILVA RAIMUNDO,PRESIDENTE,,,,Pedido de cancelamento,2025-10-20 17:16:59.558180
342815,2463102000179,UNIODONTO VALE DO RIO VERDE TRÊS CORAÇÕES COOPERATIVA ODONTOLOGICA,UNIODONTO TRÊS CORAÇÕES,Cooperativa Odontológica,RUA PEDRO BONESIO,225,"SALA  "" E "", EDIFÍCIO JULIANA",CENTRO,Três Corações,MG,37410000.0,35,32324147,32324147,uniodonto@unincor.br,SIMONE CERQUEIRA FERREIRA,PRESIDENTE,6.0,,,Pedido de cancelamento,2025-10-20 17:16:59.558180
355011,2246412000131,UNIODONTO CIRCUITO DAS ÁGUAS COOPERATIVA ODONTOLÓGICA LTDA,UNIODONTO,Cooperativa Odontológica,RUA CORONEL JOSE JUSTINO,459,SALA 101,CENTRO,São Lourenço,MG,37470000.0,35,33322727,33322727,uniodontoca@uol.com.br,RICARDO LUIS GANHAM DE CASTRO,DIRETOR FINANCEIRO,5.0,,,Descumprimento de disposição legal,2025-10-20 17:16:59.558180
307050,25906728000108,COOPERATIVA DE TRABALHO ODONTOLOGICO UNIODONTO ITAJUBA,UNIODONTO ITAJUBÁ,Cooperativa Odontológica,RUA MAJOR BELO LISBOA,22,SALA 72,CENTRO,Itajubá,MG,37500000.0,35,6220258,6220258,,,,,,,Pedido de cancelamento,2025-10-20 17:16:59.558180
351768,1877526000117,UNIODONTO POUSO ALEGRE COOPERATIVA DE TRABALHO ODONTOLOGICO LTDA,UNIODONTO POUSO ALEGRE,Cooperativa Odontológica,AVENIDA DR. JOÃO BERALDO,408,,CENTRO,Poços de Caldas,MG,37550000.0,35,4229674,4229674,,EVERTON RENÓ CORRÊA,,,,,Pedido de cancelamento,2025-10-20 17:16:59.558180
340715,2768410000102,UNIODONTO DE PASSOS COOPERATIVA ODONTOLOGICA,UNIODONTO PASSOS,Cooperativa Odontológica,R. EUVIRA SILVEIRA COIMBRA,,139,CENTRO,Passos,MG,37900000.0,35,5211370,,,,,,,,Pedido de cancelamento,2025-10-20 17:16:59.558180
419028,25906728000108,COOPERATIVA DE TRABALHO ODONTOLOGICO - UNIODONTO ITAJUBÁ,,Cooperativa Odontológica,RUA ALCIDES FARIA,240,,VARGINHA,Itajubá,MG,37501058.0,35.0,36220258.0,36220258.0,uniodonto@uniodontoitajuba.com.br,ALEXANDRE JULIO DIELLE,DIRETOR PRESIDENTE,5.0,,,,2025-10-20 17:16:59.558180
409791,3494031000134,COOPERATIVA ODONTOLÓGICA POÇOS DE CALDAS,UNIODONTO POÇOS DE CALDAS,Cooperativa Odontológica,RUA PARAIBA,212,,CENTRO,Poços de Caldas,MG,37701726.0,35.0,37167222.0,37167222.0,ouvidoria@uniodontopocos.com.br,FERNANDO DE PAIVA POSSO,PRESIDENTE,5.0,,,,2025-10-20 17:16:59.558180
419729,2768410000102,UNIODONTO PASSOS - COOPERATIVA ODONTOLÓGICA,UNIODONTO PASSOS,Cooperativa Odontológica,RUA BONSUCESSO,472,,SÃO FRANCISCO,Passos,MG,37902000.0,35.0,35213567.0,,uniodontopassos@passosnet.com.br,LUIZ FERNANDO LEMOS REIS,DIRETOR PRESIDENTE,5.0,,,,2025-10-20 17:16:59.558180
386715,1412387000156,UNIODONTO SAO FRANCISCO COOPERATIVA DE TRABALHO ODONTOLOGICO LTD,UNIODONTO SAO FRANCISCO,Cooperativa Odontológica,RUA MATO GROSSO,397-A,,CENTRO,Pirapora,MG,39270000.0,38,7411707,7411707,paulino@interpira.com.br,,,,,,Pedido de cancelamento,2025-10-20 17:16:59.558180
378844,65387938000151,UNIODONTO COOP. DE TRAB. ODONTOLOGICOS NORTE DE MINAS,UNIODONTO NORTE DE MINAS,Cooperativa Odontológica,RUA SAO FRANCISCO,390,502,CENTRO,Montes Claros,MG,39400048.0,38,2212323,2212323,,EDUARDO BRANDAO LIMA,PRESIDENTE,,,,Pedido de cancelamento,2025-10-20 17:16:59.558180
410080,72510472000103,UNIODONTO PARANÁ FED EST. COOP ODONTOLOGICAS,UNIODONTO PARANÁ,Cooperativa Odontológica,RUA VISCONDE DE NACAR,1505,6º ANDAR,CENTRO,Curitiba,PR,80410201.0,41,2337060,2337060,,,,,,,Pedido de cancelamento,2025-10-20 17:16:59.558180
316768,2295221000160,UNIODONTO DE CORNÉLIO PROCÓPIO - COOPERATIVA ODONTOLOGICA,UNIODONTO DE CORNÉLIO PROCÓPIO - COOPERATIVA ODONTOLÓGICA,Cooperativa Odontológica,RUA PARAIBA,278,,CENTRO,Cornélio Procópio,PR,86300000.0,43,5231964,5231964,uniodonto.cp@onda.com.br,JOSÉ GILBERTO BENASSI,PRESIDENTE,,,,Pedido de cancelamento,2025-10-20 17:16:59.558180
409731,2991429000113,COOPERATIVA DE SERVIÇOS ODONTOLOGICOS UNIODONTO APUCARANA,UNIODONTO APUCARANA,Cooperativa Odontológica,RUA MIGUEL SIMIÃO,365,SALA 6,CENTRO,Apucarana,PR,86800260.0,43,4232568,4232568,,CARLOS ALBERTO FERNANDES DA SILVA,PRESIDENTE,,,,Pedido de cancelamento,2025-10-20 17:16:59.558180
350770,82239476000144,UNIODONTO DE LONDRINA COOP. ODONTOLÓGICA,UNIODONTO DE LONDRINA COOP. ODONTOLÓGICA,Cooperativa Odontológica,RUA PAES LEME,956,,JARDIM AMERICA,Londrina,PR,86010610.0,43.0,33057000.0,33057000.0,claudio@uniodontolondrina.coop.br,MARCELO FANECO FONTANA,DIRETOR PRESIDENTE,5.0,,,,2025-10-20 17:16:59.558180
309958,2681095000181,COOPERATIVA DE SERV. ODONT. DE UMUARAMA - UNIODONTO,UNIODONTO DE UMUARAMA,Cooperativa Odontológica,RUA DESEMBARGADOR  LAURO LOPES,3663,SALA 01,CENTRO,Umuarama,PR,87501210.0,44,6232013,6232013,uniodonto@adsturbo.com,APARECIDO RAVAZZI,DIRETOR PRESIDENTE,5.0,,,Pedido de cancelamento,2025-10-20 17:16:59.558180
363120,2272779000120,UNIODONTO DE PARANAVAI - COOPERATIVA ODONTOLOGICA,UNIODONTO DE PARANAVAI,Cooperativa Odontológica,RUA MINAS GERAIS,386,2. ANDAR,CENTRO,Paranavaí,PR,87701070.0,44,3423.5599,3423.5599,uniodontopvai@uol.com.br,JOSELI RODRIGUES,PRESIDENTE,,,,Descumprimento da RN n.º 100/2005,2025-10-20 17:16:59.558180
381144,1367538000100,UNIODONTO MARINGA COOPERATIVA ODONTOLOGICA,UNIODONTO DE MARINGA,Cooperativa Odontológica,AVENIDA PAPA JOAO XXIII,513,,ZONA 02,Maringá,PR,87010060.0,44.0,32271150.0,,uniodonto@uniodontomaringa.com.br,VAMPRÉ LUIZ CARDOSO OLIVEIRA,DIRETOR PRESIDENTE,5.0,,,,2025-10-20 17:16:59.558180
321109,1931354000112,UNIODONTO DE CASCAVEL - COOPERATIVA ODONTOLÓGICA,UNIODONTO DE CASCAVEL,Cooperativa Odontológica,RUA SANTA CATARINA,769,TERREO,CENTRO,Cascavel,PR,85806040.0,45,32253225,2235188,goesctb@certto.com.br,ELISEU AUGUSTO SICOLI,RESPONSAVEL TECNICO,6.0,,,Pedido de cancelamento,2025-10-20 17:16:59.558180
324451,2250511000197,UNIODONTO DE FOZ DO IGUACU COOPERATIVA ODONTOLOGICA,UNIODONTO FOZ DO IGUACU,Cooperativa Odontológica,RUA MARECHAL FLORIANO PEIXOTO,1386,,CENTRO,Foz do Iguaçu,PR,85851020.0,45,3523772,35237728,uniodonto@zipfoz.com.br,ADELINO COLETTO,DIRETOR PRESIDENTE,6.0,,,Pedido de cancelamento,2025-10-20 17:16:59.558180
318671,61273000146,SOC COOP DE TRAB ODONTOL DE TOLEDO PR LTDA,UNIODONTO DE TOLEDO,Cooperativa Odontológica,RUA 7 DE SETEMBRO,1190,,CENTRO,Toledo,PR,85900220.0,45,2770100,2770100,uniodontoledo@certto.com.br,SCYLLAS ROBERTO MACEDO CAMPOS,PRESIDENTE,,,,Pedido de cancelamento,2025-10-20 17:16:59.558180
301086,2898015000144,UNIODONTO PATO BRANCO COOPERATIVA DE TRABALHO ODONTOLOGICO,UNIODONTO PATO BRANCO COOP. DE TRAB. ODONTOLÓGICO,Cooperativa Odontológica,RUA ITABIRA,1420,SALA 2,CENTRO,Pato Branco,PR,85501290.0,46,2255755,2255755,osnipaul@hotmail.com,LUIS CESAR BURGARDT,DIRETOR LIQUIDANTE,5.0,,,Pedido de cancelamento,2025-10-20 17:16:59.558180
342203,2338268000163,UNIODONTO DE SC COOPERATIVA ADMINISTRADORA DE CONTRATOS,UNIODONTO ADMINISTRADORA,Cooperativa Odontológica,RUA VITÓRIA,123,CASA,CENTRO,Blumenau,SC,89010250.0,47.0,30378000.0,30378000.0,cpd@uniodontosc.com.br,RUBENS RENATO WEIDGENANT,PRESIDENTE,5.0,,,,2025-10-20 17:16:59.558180
415626,7270625000112,FEDERAÇÃO DAS COOP ODONTOLÓGICAS DO ESTADO DE SANTA CATARINA,UNIODONTO CATARINENSE,Cooperativa Odontológica,RUA JOAO PESSOA,10,CASA,VELHA,Blumenau,SC,89036000.0,47.0,30418070.0,30418070.0,cpd@uniodontosc.com.br,MARCOS ADOLF PRINZ,Presidente,5.0,,,,2025-10-20 17:16:59.558180
373907,2785337000187,COOPERATIVA DE ODONTOLOGOS DE SUL CATARINENSE,UNIODONTO SUL,Cooperativa Odontológica,AV CENTENARIO,3673,,CENTRO,Criciúma,SC,88801971.0,48,34377462,34426130,faturamento@uniodontosul.com.br,LUIZ MORONA SOBRINHO,PRESIDENTE,5.0,,,Descumprimento da RN n.º 100/2005,2025-10-20 17:16:59.558180
349925,2586619000155,COOPERATIVA DOS CIRURGIÕES DENTISTAS DA REGIÃO OESTE CATARIN,UNIODONTO OESTE CATARINENSE,Cooperativa Odontológica,Rua Nereu Ramos,75,D SALA 203-B,CENTRO,Chapecó,SC,89807150.0,49,3236250,3231069,marfiorini@bol.com.br,MARCELO FIORINI,PRESIDENTE,,,,Pedido de cancelamento,2025-10-20 17:16:59.558180
353752,87303772000180,UNIODONTO COOP ODONT VALE TAQUARI E RIO PARDO LTDA,UNIODONTO COOP ODONT VALE TAQUARI E RIO PARDO LTDA,Cooperativa Odontológica,AV. JÚLIO DE CASTILHOS,745,SALA 204,CENTRO,Lajeado,RS,95900000.0,5.0,137143444.0,,admsc@uniodontovtrp.com.br,DITMAR ARY KUHN,PRESIDENTE,5.0,,,,2025-10-20 17:16:59.558180
406295,3264151000145,UNIODONTO VALE DO SINOS COOPERATIVA ODONTOLÓGICA LTDA,UNIODONTO VALE DO SINOS,Cooperativa Odontológica,RUA 1º DE MARÇO,217,,CENTRO,São Leopoldo,RS,93010210.0,51,35913405,35897988,uniodontosinos@terra.com.br,LUIZ FRANCISCO MONTEIRO FLORES,VICE-PRESIDENTE,5.0,,,Alternat. à Liquidação - Deliberação de Diretoria Colegiada,2025-10-20 17:16:59.558180
401617,94989894000138,UNIODONTO CACHOEIRA DO SUL - COOP DE TRAB ODONTOLÓGICO LTDA.,UNIODONTO CACHOEIRA DO SUL,Cooperativa Odontológica,RUA SETE DE SETEMBRO,1014,SALA 14,CENTRO,Cachoeira do Sul,RS,96708010.0,51,37234782,37234782,ze@officcio.com.br,LUCIANO HUBNER DA SILVA,PRESIDENTE,,,,Pedido de cancelamento,2025-10-20 17:16:59.558180
366439,88938089000182,UNIODONTO PORTO ALEGRE COOPERATIVA ODONTOLOGICA LTDA,UNIODONTO PORTO ALEGRE COOPERATIVA ODONTOLOGICA LTDA,Cooperativa Odontológica,AV. INDEPENDÊNCIA,914,,INDEPENDÊNCIA,Porto Alegre,RS,90035072.0,51.0,33024000.0,33024077.0,regulacao@uniodontopoa.com.br,JULIO CESAR CORDOVA MACIEL,DIRETOR PRESIDENTE,4.0,,,,2025-10-20 17:16:59.558180
305421,72120124000111,UNIODONTO RS FEDERACAO DAS UNIODONTOS DO RGS LTDA,UNIODONTO/RS,Cooperativa Odontológica,RUA QUINTINO BANDEIRA,64,1º ANDAR - EDIF. SAMPAIO,SÃO GERALDO,Porto Alegre,RS,90220050.0,51.0,32257671.0,32868554.0,uniodontors@uniodonto-rs.com.br,IRNO AUGUSTO PRETTO,PRESIDENTE,3.0,,,,2025-10-20 17:16:59.558180
367966,2662309000172,UNIODONTO RIO GRANDE-LITORAL COOPERATIVA ODONTOLOGICA LTDA,,Cooperativa Odontológica,RUA LUIZ LOREA,263,,CENTRO,Rio Grande,RS,96200350.0,53.0,32321563.0,,uniodonto@uniodontoriogrande.com.br,DANIELI DUVAL PINTO DEVILLA,SUPERINTENDENTE,6.0,,,,2025-10-20 17:16:59.558180
344249,183997000162,UNIODONTO SERRA RS SOCIEDADE COOP. DE TRABALHO ODONTOLÓGICO,UNIODONTO SERRA RS,Cooperativa Odontológica,RUA PINHEIRO MACHADO,2569,62,SÃO PELEGRINO,Caxias do Sul,RS,95020172.0,54,223.5685,2148185,uniodonto.serra@terra.com.br,ROBERTO LOZANO DOS SANTOS,PRESIDENTE,6.0,,,Pedido de cancelamento,2025-10-20 17:16:59.558180
331210,87399572000173,UNIODONTO PASSO FUNDO COOPERATIVA DE TRABALHO ODONTOLÓGICO,UNIODONTO PASSO FUNDO,Cooperativa Odontológica,RUA INDEPENDENCIA,446,3º ANDAR,CENTRO,Passo Fundo,RS,99010041.0,54,33134177,30454277,uniodonto@st.com.br,ROGERIO ADOLFO TESSER,VICE PRESIDENTE,5.0,,,Deliberação de Diretoria Colegiada,2025-10-20 17:16:59.558180
411698,88440078000178,UNIODONTO ERECHIM - COOPERATIVA DE TRABALHO ODONTOLÓGICO,UNIODONTO ERECHIM,Cooperativa Odontológica,AV XV DE NOVEMBRO,69,,CENTRO,Erechim,RS,99700000.0,54,33212165,543212165,uniodontoerechim@clicalpha.com.br,FERNANDO RICARDO DA SILVA COLLA,PRESIDENTE,6.0,,,Pedido de cancelamento,2025-10-20 17:16:59.558180
362387,87593539000180,COOP. TRABALHO ODONTOLÓGICO UNIODONTO SANTA MARIA,UNIODONTO SANTA MARIA,Cooperativa Odontológica,CALÇADÃO SALVADOR ISAIAS,1259,SALA 1101,CENTRO,Santa Maria,RS,97015001.0,55,32222848,32222848,uniodontosm@terra.com.br,ANA MARISE SILVA DA SILVEIRA,PRESIDENTE,6.0,,,Pedido de cancelamento,2025-10-20 17:16:59.558180
315770,2510461000130,UNIODONTO DE CRUZ ALTA- COOPERATIVA ODONTOLÓGICA LTDA,UNIODONTO DE CRUZ ALTA,Cooperativa Odontológica,GENERAL CAMARA,1173,SOBRE LOJA,CENTRO,Cruz Alta,RS,98005112.0,55,33227277,33242925,uniodont@comnet.com.br,OSVALDO CAINO TEIXEIRA,PRESIDENTE,5.0,,,Pedido de cancelamento,2025-10-20 17:16:59.558180
410951,3585454000160,COOPERATIVA ODONTOLOGICA LTDA.,UNIODONTO MISSOES,Cooperativa Odontológica,RUA MARECHAL FLORIANO,1530,SOBRE LOJA,CENTRO,Santo Ângelo,RS,98801650.0,55,33128102,33128102,uniodontomissoes@via-rs.net,ROBERTO DOS SANTOS HOCHHEIM,DIRETORIA ADMINISTRATIVA,5.0,,,Pedido de cancelamento,2025-10-20 17:16:59.558180
341894,119565000192,UNIODONTO FRONTEIRA OESTE/RS COOPERATIVA ODONTOLÓGICA LTDA.,UNIODONTO FRONTEIRA OESTE/RS,Cooperativa Odontológica,AV. 24 DE MAIO,1091,,CENTRO,Sant'Ana do Livramento,RS,97573450.0,55.0,32423833.0,,adm@uniodontofronteiraoeste.com.br,LUIZ FERNANDO MENDONÇA BIDART,PRESIDENTE,5.0,,,,2025-10-20 17:16:59.558180
30200,1275393000109,UNIODONTO BRASILIA COOPERATIVA DE TRABALHO ODONTOLOGICO LTDA.,UNIODONTO BRASÍLIA,Cooperativa Odontológica,SRTUS,701,CONJ. D Nº 280 BLOCO A  SALA 732,ASA SUL,Brasília,DF,73340907.0,61,2233322,2233322,uniodbsb@tba.com.br,,,,,,Descumprimento da Circular SUSEP no. 77/1999,2025-10-20 17:16:59.558180
328171,1977905000189,COOPERATIVA DE TRABALHO ODONTOLOGICO DE ANAPOLIS,UNIODONTO DE ANAPOLIS,Cooperativa Odontológica,RUA BARÃO DE COTEGIPE,53,SALA 206,CENTRO,Anápolis,GO,75025010.0,62,3210556,3210556,rocsc@zaz.com.br,WERINGTON BORGES ARANTES,VICE PRESIDENTE,,,,Descumprimento da RN n.º 100/2005,2025-10-20 17:16:59.558180
358436,891689000191,UNIODONTO GOIANIA COOPERATIVA DE CIRURGIÕES DENTISTAS,UNIODONTO GOIANIA,Cooperativa Odontológica,RUA T-27,1115,"Quadra 65, Lote 4",SETOR BUENO,Goiânia,GO,74215030.0,62.0,32549100.0,32549101.0,uniodonto@uniodontogoiania.com.br,FÁBIO ARAÚJO GONÇALVES PRUDENTE,REPRESENTANTE,5.0,,,,2025-10-20 17:16:59.558180
414191,3702553000184,UNIODONTO DE CALDAS NOVAS SISTEMA NACIONAL DE COOPERATIVAS ODONT,UNIODONTO-CALDAS NOVAS,Cooperativa Odontológica,RUA DR. CIRO PALMERSTON,286,,CENTRO,Caldas Novas,GO,75690000.0,64,4537044,4537796,dentista@ih.com.br,MÁRCIA DURAN DE PAULA,DIRETORA PRESIDENTE,,,,Pedido de cancelamento,2025-10-20 17:16:59.558180
337137,1655691000124,COOPERATIVA DE TRABALHO ODONTOLOGICO DE CATALÃO LTDA,UNIODONTO CATALÃO,Cooperativa Odontológica,AV FARID MIGUEL SAFATLE,45,,CENTRO,Catalão,GO,75701040.0,64,34425125,34114858,r3advcatalao@hotmail.com,MARIA CRISTINA DE PAULA SOUSA,PRESIDENTE,6.0,,,Descumprimento da RN n.º 100/2005,2025-10-20 17:16:59.558180
319236,1483006000120,UNIODONTO DE JATAÍ COOPERATIVA ODONTOLOGICA,UNIODONTO DE JATAI,Cooperativa Odontológica,AV. DORIVAL DE CARVALHO,1187,SALA 102,CENTRO,Jataí,GO,75800014.0,64,36315151,36315151,uniodontojatai@hotmail.com,MOACYR VIEIRA SILVA FILHO,DIRETOR PRESIDENTE,6.0,,,Pedido de cancelamento,2025-10-20 17:16:59.558180
358339,37256591000172,UNIODONTO DO SUL GOIANO COOPERATIVA ODONTOLOGICA,UNIODONTO DO SUL GOIANO,Cooperativa Odontológica,RUA RUI DE ALMEIDA,519,,CENTRO,Itumbiara,GO,75503090.0,64.0,34317146.0,,uniodontosulgo@yahoo.com.br,JOAO BATISTA PEREIRA MACHADO,DIRETOR PRESIDENTE,5.0,,,,2025-10-20 17:16:59.558180
314871,2033677000151,UNIODONTO SUDOESTE GOIANO - COOPERATIVA DE TRABALHO ODONTOLOGICO,,Cooperativa Odontológica,RUA NIVALDO RIBEIRO,5,,CENTRO,Rio Verde,GO,75901120.0,64.0,36216063.0,,gerencia@uniodontosudoeste.com.br,FERNANDO FERREIRA DE ALMEIDA,PRESIDENTE,5.0,,,,2025-10-20 17:16:59.558180
343404,37496767000163,UNIODONTO DE MATO GROSSO COOP TRAB ODONTOLOGICO LTDA,UNIODONTO MATO GROSSO,Cooperativa Odontológica,AV. GENERAL MELLO,448,,DOM AQUINO,Cuiabá,MT,78015300.0,65.0,36176500.0,36176523.0,adm@uniodontomt.com.br,ERNESTO FARIA DE FIGUEIREDO JUNIOR,DIRETOR PRESIDENTE,3.0,,,,2025-10-20 17:16:59.558180
347183,3511888000115,UNIODONTO DE CAMPO GRANDE SIST. NAC. COOP. ODONT.,UNIODONTO MATO GROSSO DO SUL,Cooperativa Odontológica,RUA ANTONIO MARIA COELHO,1463,,CENTRO,Campo Grande,MS,79002221.0,67.0,30298040.0,30298040.0,gerencia@uniodontoms.com.br,FERNANDO JAIME CAVALLI,PRESIDENTE,3.0,,,,2025-10-20 17:16:59.558180
313807,199703000190,UNIODONTO DOURADOS - COOPERATIVA ODONTOLÓGICA,,Cooperativa Odontológica,RUA CIRO MELLO,2658,,JARDIM CENTRAL,Dourados,MS,79805031.0,67.0,34223577.0,,uniodonto@dourados.com.br,EDSON HIROSHI MURAKI,PRESIDENTE,5.0,,,,2025-10-20 17:16:59.558180
403997,2948490000188,UNIODONTO DE RIO BRANCO ACRE COOPERATIVA ODONTOLÓGICA LTDA.,UNIODONTO - AC,Cooperativa Odontológica,AV. CEARÁ,2219,,DOM GIOCONDO,Rio Branco,AC,69900303.0,68.0,21026500.0,,uniodonto@uniodontoacre.com.br,EDIANA DE FÁTIMA MELO MAGELA,PRESIDENTE,6.0,,,,2025-10-20 17:16:59.558180
336025,2742094000108,UNIODONTO DE RONDONIA COOPERATIVA LTDA.,UNIODONTO DE RONDÔNIA,Cooperativa Odontológica,RUA JAMARY,1783,,PEDRINHAS,Porto Velho,RO,76801492.0,69.0,32233320.0,32233315.0,gerencia@uniodontorondonia.com.br,DIMAS RIBEIRO DA FONSECA JUNIOR,PRESIDENTE,6.0,,,,2025-10-20 17:16:59.558180
402010,491998000174,COOPERATIVA ODONTOLÓGICA REGIÃO SUL DA BAHIA - UNIODONTO,UNIODONTO ITABUNA,Cooperativa Odontológica,RUA MARIÁ FERREIRA,245,1º ANDAR,CENTRO,Itabuna,BA,45600120.0,7.0,336134760.0,36134760.0,uniodontoitb@gmail.com,MARIO AUGUSTO DIAS BRUM,PRESIDENTE,5.0,,,,2025-10-20 17:16:59.558180
310107,13416391000171,UNIODONTO DE SALVADOR - COOPERATIVA DE TRABALHO ODONTOLÓGICO LTDA.,UNIODONTO SALVADOR,Cooperativa Odontológica,RUA FRANCISCO GONÇALVES,1,SALA 205/206,COMERCIO,Salvador,BA,40015090.0,71.0,40099696.0,,adm@uniodontosalvador.com.br,OTAILDO CONCEIÇÃO DE OLIVEIRA,PRESIDENTE,6.0,,,,2025-10-20 17:16:59.558180
383929,629608000180,UNIODONTO BAHIA SUL - COOPERATIVA ODONTOLOGICA DE ILHEUS RESPONSABILIDADE LTDA,UNIODONTO BAHIA SUL,Cooperativa Odontológica,AVENIDA SOARES LOPES,386,,CENTRO,Ilhéus,BA,45653005.0,73.0,36347050.0,36347050.0,gerenciaadm@uniodontobahiasul.com.br,LUCIANO MOREIRA TAVARES,PRESIDENTE,5.0,,,,2025-10-20 17:16:59.558180
402109,2772726000178,UNIODONTO PAULO AFONSO COOPERATIVA DE TRABALHO ODONTOLÓGICO LTDA.,UNIODONTO PAULO AFONSO,Cooperativa Odontológica,AV. GETULIO VARGAS,421,"SALA 206, 2 ANDAR",CENTRO,Paulo Afonso,BA,48601260.0,75.0,32810003.0,32810003.0,uniodonto@uniodontopauloafonso.com.br,CYNARA MAIA DE OLIVEIRA,DIRETOR PRESIDENTE,5.0,,,,2025-10-20 17:16:59.558180
349283,32844169000114,UNIODONTO DE ARACAJU COOP DE TRABALHO ODONTOLOGICO,UNIODONTO DE ARACAJU COOPERATIVA DE TRABALHO ODONTOLOGICO,Cooperativa Odontológica,RUA JOVENTINA ALVES,265,,SALGADO FILHO,Aracaju,SE,49020330.0,79.0,40095454.0,40095450.0,uniodont@infonet.com.br,LIOMAR MARIA DE OLIVEIRA QUARANTA,PRESIDENTE,6.0,,,,2025-10-20 17:16:59.558180
321125,24243925000121,UNIODONTO MACEIÓ COOPERATIVA ODONTOLÓGICA,UNIODONTO MACEIO,Cooperativa Odontológica,AV. SANTA RITA DE CASSIA,278,,FAROL,Maceió,AL,57051600.0,8.0,221233300.0,221233300.0,uniodonto@uniodontomaceio.com.br,JOSE ZENOU COSTA FILHO,PRESIDENTE,3.0,,,,2025-10-20 17:16:59.558180
32642,1141489000184,UNIODONTO COOP ODONTOLOGICA DE C E R AGREST DO EST PE,UNIODONTO CARUARU,Cooperativa Odontológica,RUA VIDAL DE NEGREIROS,198,,CENTRO,Caruaru,PE,55006431.0,81,7216769,7216769,uniodontocaruaru@netstage.com.br,,,,,,Descumprimento da Circular SUSEP no. 77/1999,2025-10-20 17:16:59.558180
305740,24125122000172,UNIODONTO DE RECIFE - COOPERATIVA ODONTOLÓGICA,UNIODONTO DE RECIFE - COOPERATIVA ODONTOLÓGICA,Cooperativa Odontológica,RUA MONTEVIDÉU,172,SALA 902 - EMPRESARIAL DESEMBARGADOR  PE,BOA VISTA,Recife,PE,50050250.0,81.0,33661888.0,33661875.0,anayramaltez@uniodontorecife.com.br,ANAYRA SILVANA DA CUNHA MALTEZ,DIRETORA PRESIDENTE,5.0,,,,2025-10-20 17:16:59.558180
416177,40639163000133,"UNIODONTO-NORDESTE, CENTRAL REGIONAL DAS COOP. ODONT. DO NORD. DO BRASIL",UNIODONTO-NORDESTE,Cooperativa Odontológica,AVENIDA SANTA RITA DE CÁSSIA,278,SALA 606 - EMPRESARIAL CENTENÁRIO OFFICE,FAROL,Maceió,AL,57051600.0,82,21233300,21233300,federacao@uniodontonordeste.com.br,EUGENIO CARLOS ARAUJO,PRESIDENTE,2.0,,,Pedido de cancelamento,2025-10-20 17:16:59.558180
403512,2988689000130,UNIODONTO ARAPIRACA COOPERATIVA DE TRABALHO ODONTOLÓGICO LTDA,UNIODONTO ARAPIRACA,Cooperativa Odontológica,RUA PADRE JEFERSON DE CARVALHO,43,,ALTO DO CRUZEIRO,Arapiraca,AL,57312480.0,82.0,35222383.0,35223429.0,uniodonto@uniodontoarapiraca.com.br,CLAUDIA VALERIA LIRA BARBOSA,REPRESENTANTE LEGAL,5.0,,,,2025-10-20 17:16:59.558180
311928,11986304000196,UNIODONTO DE CAMPINA GRANDE - COOPERATIVA DE TRABALHO ODONTO,UNIODONTO DE CAMPINA GRANDE,Cooperativa Odontológica,RUA AFONSO CAMPOS,121,,CENTRO,Campina Grande,PB,58100600.0,83,33434470,33416188,uniodontocg@veloxmail.com.br,MOEMA ARARUNA DE OLIVEIRA,PRESIDENTE,5.0,,,Pedido de cancelamento,2025-10-20 17:16:59.558180
363332,2874104000150,COOPERATIVA ODONTOLOGICA DO SERTÃO PARAIBANO LTDA,UNIODONTO,Cooperativa Odontológica,RUA CORONEL PEBA,497,1º AND,CENTRO,Cajazeiras,PB,58900000.0,83,5311640,5311640,eugenia@rix.com.br,EUGENIA MARIA ROLIM MEIRA,PRESIDENTE,,,,Pedido de cancelamento,2025-10-20 17:16:59.558180
361569,12923462000160,UNIODONTO DE JOÃO PESSOA COOPERATIVA ODONTOLÓGICA,UNIODONTO JOAO PESSOA,Cooperativa Odontológica,AV. DUARTE DA SILVEIRA,541,,CENTRO,João Pessoa,PB,58013280.0,83.0,21075858.0,,uniodontojp@uniodontojp.com.br,TERTULIANO BRITO NETO,DIRETOR PRESIDENTE,5.0,,,,2025-10-20 17:16:59.558180
345318,8237810000178,UNIODONTO/RN - COOPERATIVA ODONTOLOGICA DO RIO GRANDE DO NORTE,UNIODONTO/RN,Cooperativa Odontológica,RUA AÇU,665,,TIROL,Natal,RN,59020110.0,84.0,40094664.0,40094665.0,gerencia@uniodontorn.com.br,EUGÊNIO CARLOS ARAÚJO,PRESIDENTE,5.0,,,,2025-10-20 17:16:59.558180
343919,1751280000132,UNIODONTO COOPERATIVA ODONTOLÓGICA DO SERIDÓ LTDA,UNIODONTO DO SERIDÓ,Cooperativa Odontológica,RUA SENADOR JOSÉ BERNARDO,663,,CENTRO,Caicó,RN,59300000.0,84.0,34211477.0,844173799.0,uniodontoserido@terra.com.br,MARCO POLO AYRES DO RÊGO,PRESIDENTE,6.0,,,,2025-10-20 17:16:59.558180
303291,2313780000155,UNIODONTO MOSSORÓ - COOPERATIVA DOS CIRURGIÕES DENTISTAS DE MOSSORÓ E REGIÃO OESTE,UNIODONTO MOSSORÓ,Cooperativa Odontológica,AV DIOCESANA,266,,NOVA BETANIA,Mossoró,RN,59603200.0,84.0,33161115.0,33162990.0,gerencia@uniodontomossoro.com.br,FRANCISCO AVES DE OLIVEIRA,PRESIDENTE,6.0,,,,2025-10-20 17:16:59.558180
335258,23725062000166,UNIODONTO DE FORTALEZA COOPERATIVA DE TRABALHO ODONTOLOGICO LTDA,UNIODONTO DE FORTALEZA,Cooperativa Odontológica,RUA  COSTA BARROS,915,,CENTRO,Fortaleza,CE,60160280.0,85.0,40095442.0,40095442.0,contabil@uniodonto-ce.com.br,MARLIO XIMENES CARLOS,DIRETOR PRESIDENTE,3.0,,,,2025-10-20 17:16:59.558180
317462,1008349000132,UNIODONTO DO PIAUI - COOP. DE TRAB. ODONTOLOGICO,UNIODONTO PIAUI,Cooperativa Odontológica,RUA LIZANDRO NOGUEIRA,1618,SALA 02,CENTRO,Teresina,PI,64000200.0,86,2233133,32210055,raulino@ctcc.com.br,EDGAR LEITE FILHO,PRESIDENTE,6.0,,,Deliberação de Diretoria Colegiada,2025-10-20 17:16:59.558180
342335,1501597000110,COOPERATIVA ODONTOLÓGICA DE GARANHUNS E AGRESTE MERIDIONAL.,UNIODONTO GARANHUNS,Cooperativa Odontológica,R DR JOSE MARIANO,193,,SAO JOSE,Garanhuns,PE,55293335.0,87.0,37621760.0,37621760.0,uniodonto@uniodontogaranhuns.coop.br,DANIEL VALENCA ARRUDA VIEIRA,PRESIDENTE,5.0,,,,2025-10-20 17:16:59.558180
368555,15308521000188,UNIODONTO BELÉM - COOPERATIVA DE ASSISTÊNCIA À SAÚDE ODONTOLÓGICA,UNIODONTO,Cooperativa Odontológica,AV GENTIL BITTENCOURT,1212,,NAZARÉ,Belém,PA,66040000.0,91.0,32024140.0,,uniodopa@uniodontobelem.com.br,ARIOSTO MARIA CHAVES DIAS,PRESIDENTE,5.0,,,,2025-10-20 17:16:59.558180
311391,23031479000129,UNIODONTO DE MANAUS - COOPERATIVA ODONTOLÓGICA LTDA.,UNIODONTO MANAUS,Cooperativa Odontológica,RUA LEONARDO MALCHER,598,,CENTRO,Manaus,AM,69010170.0,92.0,21260600.0,,atendimento@uniodontomao.com.br,MICHELE PASCHOALOTTI LEMOS,DIRETORA EXECUTIVA,6.0,,,,2025-10-20 17:16:59.558180
418242,1750093000134,COOPERATIVA DE SAÚDE ODONTOLÓGICA - UNIODONTO RORAIMA,UNIODONTO DE RORAIMA,Cooperativa Odontológica,AVENIDA CAPITÃO JULIO BEZERRA,952,,SÃO FRANCISCO,Boa Vista,RR,69305025.0,95.0,36234900.0,36234900.0,diretoria@uniodontorr.com.br,CARLOS ALEXANDRE PRADO HORTA,PRESIDENTE,6.0,,,,2025-10-20 17:16:59.558180
365785,2254846000183,COOPERATIVA ODONTOLÓGICA DO ESTADO DO AMAPÁ,UNIODONTO AMAPÁ,Cooperativa Odontológica,RUA MARCELO CÂNDIA,925,,SANTA RITA,Macapá,AP,68901341.0,96.0,91515691.0,,uniodontoap@uniodontoap.com.br,CLAUDIO VALENTE CALANDRINI DE AZEVEDO,DIRETOR PRESIDENTE,6.0,,,,2025-10-20 17:16:59.558180
369616,41492976000106,UNIODONTO DE SÃO LUIS - COOP. DOS C. D. DO ESTADO DO MARANHÃ,UNIODONTO DE SÃO LUIS,Cooperativa Odontológica,RUA DOMINGOS PERDIGÃO,80,,APICUM,São Luís,MA,65025320.0,98,32135812,32135812,uniodonto@elo.com.br,OLINTO SANTOS CARDOSO,PRESIDENTE,6.0,,,Alternat. à Liquidação - Deliberação de Diretoria Colegiada,2025-10-20 17:16:59.558180
